condition,lid,media,replicate,is_empty_field,direction,expected_led_mode,timestamp_str,tiff_path,file_size_bytes,yaml_path,experiment_id,recording_start_time,objective_name,magnification,NA,tube_lens_mm,sensor_pixel_size_um,trigger_mode,camera_mode,binning_x,binning_y,exposure_time_ms,analog_gain,pixel_format,roi_offset_x,roi_offset_y,roi_width,roi_height,led_matrix_mode,led_intensity,img_height,img_width,img_dtype,img_min,img_max,img_mean,img_std,img_p001,img_p01,img_p50,img_p99,img_p999,frac_saturated,frac_zero
off_100mM1,off,100mM,1.0,False,bffull,bf_full,2026-05-13_15-26-45,/data/Project_Data/QPM/20260513_Hela_p15/off_100mM1/2026-05-13_15-26-45_off_100mM1_bffull.tif,11520256,/data/Project_Data/QPM/20260513_Hela_p15/off_100mM1/2026-05-13_15-26-45_off_100mM1_bffull_acquisition_metadata.yaml,2026-05-13_15-26-45_off_100mM1_bffull,1778711205.4124959,10x,10.0,0.3,180.0,6.5,Continuous Acquisition,hdr,1,1,10.0,0.0,MONO16,0,0,2400,2400,bf_full,5.0,2400,2400,uint16,23520.0,52494.0,46237.05828420139,1272.247157857325,41121.998,42944.0,46491.0,48403.0,49209.0,0.0,0.0
off_100mM1,off,100mM,1.0,False,top,top_half,2026-05-13_15-26-57,/data/Project_Data/QPM/20260513_Hela_p15/off_100mM1/2026-05-13_15-26-57_off_100mM1_top.tif,11520256,/data/Project_Data/QPM/20260513_Hela_p15/off_100mM1/2026-05-13_15-26-57_off_100mM1_top_acquisition_metadata.yaml,2026-05-13_15-26-57_off_100mM1_top,1778711217.6681483,10x,10.0,0.3,180.0,6.5,Continuous Acquisition,hdr,1,1,10.0,0.0,MONO16,0,0,2400,2400,top_half,5.0,2400,2400,uint16,6542.0,38490.0,21556.67994496528,867.7521051816814,16765.999,19485.0,21642.0,23164.0,25980.001000001095,0.0,0.0
off_100mM1,off,100mM,1.0,False,left,left_half,2026-05-13_15-27-08,/data/Project_Data/QPM/20260513_Hela_p15/off_100mM1/2026-05-13_15-27-08_off_100mM1_left.tif,11520256,/data/Project_Data/QPM/20260513_Hela_p15/off_100mM1/2026-05-13_15-27-08_off_100mM1_left_acquisition_metadata.yaml,2026-05-13_15-27-08_off_100mM1_left,1778711228.2844222,10x,10.0,0.3,180.0,6.5,Continuous Acquisition,hdr,1,1,10.0,0.0,MONO16,0,0,2400,2400,left_half,5.0,2400,2400,uint16,6947.0,38889.0,23550.945267361112,764.1894023427371,18269.0,21721.0,23614.0,24990.0,27770.001000001095,0.0,0.0
off_100mM1,off,100mM,1.0,False,right,right_half,2026-05-13_15-27-21,/data/Project_Data/QPM/20260513_Hela_p15/off_100mM1/2026-05-13_15-27-21_off_100mM1_right.tif,11520256,/data/Project_Data/QPM/20260513_Hela_p15/off_100mM1/2026-05-13_15-27-21_off_100mM1_right_acquisition_metadata.yaml,2026-05-13_15-27-21_off_100mM1_right,1778711241.0272977,10x,10.0,0.3,180.0,6.5,Continuous Acquisition,hdr,1,1,10.0,0.0,MONO16,0,0,2400,2400,right_half,5.0,2400,2400,uint16,6418.0,32273.0,18790.669138194444,864.9403467644584,15389.0,16739.0,18925.0,20356.0,22918.0,0.0,0.0
off_100mM1,off,100mM,1.0,False,bottom,bottom_half,2026-05-13_15-27-32,/data/Project_Data/QPM/20260513_Hela_p15/off_100mM1/2026-05-13_15-27-32_off_100mM1_bottom.tif,11520256,/data/Project_Data/QPM/20260513_Hela_p15/off_100mM1/2026-05-13_15-27-32_off_100mM1_bottom_acquisition_metadata.yaml,2026-05-13_15-27-32_off_100mM1_bottom,1778711252.7331378,10x,10.0,0.3,180.0,6.5,Continuous Acquisition,hdr,1,1,10.0,0.0,MONO16,0,0,2400,2400,bottom_half,5.0,2400,2400,uint16,6850.0,35308.0,20464.774134375,820.84621952681,16062.0,18486.0,20571.0,21971.0,24693.0,0.0,0.0
off_100mM2,off,100mM,2.0,False,bffull,bf_full,2026-05-13_15-31-17,/data/Project_Data/QPM/20260513_Hela_p15/off_100mM2/2026-05-13_15-31-17_off_100mM2_bffull.tif,11520256,/data/Project_Data/QPM/20260513_Hela_p15/off_100mM2/2026-05-13_15-31-17_off_100mM2_bffull_acquisition_metadata.yaml,2026-05-13_15-31-17_off_100mM2_bffull,1778711477.2373412,10x,10.0,0.3,180.0,6.5,Continuous Acquisition,hdr,1,1,10.0,0.0,MONO16,0,0,2400,2400,bf_full,5.0,2400,2400,uint16,36651.0,53668.0,46388.00922465278,1274.1992537116603,42300.0,43058.0,46654.0,48570.0,49375.0,0.0,0.0
off_100mM2,off,100mM,2.0,False,top,top_half,2026-05-13_15-31-27,/data/Project_Data/QPM/20260513_Hela_p15/off_100mM2/2026-05-13_15-31-27_off_100mM2_top.tif,11520256,/data/Project_Data/QPM/20260513_Hela_p15/off_100mM2/2026-05-13_15-31-27_off_100mM2_top_acquisition_metadata.yaml,2026-05-13_15-31-27_off_100mM2_top,1778711487.7102516,10x,10.0,0.3,180.0,6.5,Continuous Acquisition,hdr,1,1,10.0,0.0,MONO16,0,0,2400,2400,top_half,5.0,2400,2400,uint16,6752.0,36108.0,21578.954982118055,836.2025183675653,18544.0,19530.0,21666.0,23204.0,25705.0,0.0,0.0
off_100mM2,off,100mM,2.0,False,left,left_half,2026-05-13_15-31-39,/data/Project_Data/QPM/20260513_Hela_p15/off_100mM2/2026-05-13_15-31-39_off_100mM2_left.tif,11520256,/data/Project_Data/QPM/20260513_Hela_p15/off_100mM2/2026-05-13_15-31-39_off_100mM2_left_acquisition_metadata.yaml,2026-05-13_15-31-39_off_100mM2_left,1778711499.200803,10x,10.0,0.3,180.0,6.5,Continuous Acquisition,hdr,1,1,10.0,0.0,MONO16,0,0,2400,2400,left_half,5.0,2400,2400,uint16,10991.0,39765.0,23594.289219097223,762.7844527163527,20313.0,21707.0,23663.0,25089.0,27730.0,0.0,0.0
off_100mM2,off,100mM,2.0,False,right,right_half,2026-05-13_15-31-48,/data/Project_Data/QPM/20260513_Hela_p15/off_100mM2/2026-05-13_15-31-48_off_100mM2_right.tif,11520256,/data/Project_Data/QPM/20260513_Hela_p15/off_100mM2/2026-05-13_15-31-48_off_100mM2_right_acquisition_metadata.yaml,2026-05-13_15-31-48_off_100mM2_right,1778711508.7338724,10x,10.0,0.3,180.0,6.5,Continuous Acquisition,hdr,1,1,10.0,0.0,MONO16,0,0,2400,2400,right_half,5.0,2400,2400,uint16,8714.0,30764.0,18866.202288368055,854.6954406365272,16060.0,16816.0,19001.0,20425.0,22761.0,0.0,0.0
off_100mM2,off,100mM,2.0,False,bottom,bottom_half,2026-05-13_15-32-00,/data/Project_Data/QPM/20260513_Hela_p15/off_100mM2/2026-05-13_15-32-00_off_100mM2_bottom.tif,11520256,/data/Project_Data/QPM/20260513_Hela_p15/off_100mM2/2026-05-13_15-32-00_off_100mM2_bottom_acquisition_metadata.yaml,2026-05-13_15-32-00_off_100mM2_bottom,1778711520.2377772,10x,10.0,0.3,180.0,6.5,Continuous Acquisition,hdr,1,1,10.0,0.0,MONO16,0,0,2400,2400,bottom_half,5.0,2400,2400,uint16,7283.0,40942.0,20602.2303796875,808.3989109106251,17621.0,18602.0,20708.0,22144.0,24514.0,0.0,0.0
off_100mM3,off,100mM,3.0,False,bffull,bf_full,2026-05-13_15-35-19,/data/Project_Data/QPM/20260513_Hela_p15/off_100mM3/2026-05-13_15-35-19_off_100mM3_bffull.tif,11520256,/data/Project_Data/QPM/20260513_Hela_p15/off_100mM3/2026-05-13_15-35-19_off_100mM3_bffull_acquisition_metadata.yaml,2026-05-13_15-35-19_off_100mM3_bffull,1778711719.366209,10x,10.0,0.3,180.0,6.5,Continuous Acquisition,hdr,1,1,10.0,0.0,MONO16,0,0,2400,2400,bf_full,5.0,2400,2400,uint16,33469.0,52591.0,46283.57856927083,1340.1074208958266,41467.0,42841.0,46552.0,48576.0,49232.0,0.0,0.0
off_100mM3,off,100mM,3.0,False,top,top_half,2026-05-13_15-35-32,/data/Project_Data/QPM/20260513_Hela_p15/off_100mM3/2026-05-13_15-35-32_off_100mM3_top.tif,11520256,/data/Project_Data/QPM/20260513_Hela_p15/off_100mM3/2026-05-13_15-35-32_off_100mM3_top_acquisition_metadata.yaml,2026-05-13_15-35-32_off_100mM3_top,1778711732.3803318,10x,10.0,0.3,180.0,6.5,Continuous Acquisition,hdr,1,1,10.0,0.0,MONO16,0,0,2400,2400,top_half,5.0,2400,2400,uint16,14180.0,29497.0,21702.983617013888,840.6178841433652,18349.0,19560.0,21803.0,23304.0,24809.001000001095,0.0,0.0
off_100mM3,off,100mM,3.0,False,left,left_half,2026-05-13_15-35-41,/data/Project_Data/QPM/20260513_Hela_p15/off_100mM3/2026-05-13_15-35-41_off_100mM3_left.tif,11520256,/data/Project_Data/QPM/20260513_Hela_p15/off_100mM3/2026-05-13_15-35-41_off_100mM3_left_acquisition_metadata.yaml,2026-05-13_15-35-41_off_100mM3_left,1778711741.696058,10x,10.0,0.3,180.0,6.5,Continuous Acquisition,hdr,1,1,10.0,0.0,MONO16,0,0,2400,2400,left_half,5.0,2400,2400,uint16,14430.0,32367.0,23516.24354392361,826.2049417274116,18904.0,21162.0,23618.0,25078.0,26729.0,0.0,0.0
off_100mM3,off,100mM,3.0,False,right,right_half,2026-05-13_15-35-52,/data/Project_Data/QPM/20260513_Hela_p15/off_100mM3/2026-05-13_15-35-52_off_100mM3_right.tif,11520256,/data/Project_Data/QPM/20260513_Hela_p15/off_100mM3/2026-05-13_15-35-52_off_100mM3_right_acquisition_metadata.yaml,2026-05-13_15-35-52_off_100mM3_right,1778711752.1042485,10x,10.0,0.3,180.0,6.5,Continuous Acquisition,hdr,1,1,10.0,0.0,MONO16,0,0,2400,2400,right_half,5.0,2400,2400,uint16,11237.0,26765.0,18980.835641145834,859.01980034996,15762.0,16860.0,19131.0,20537.0,21969.00200000219,0.0,0.0
off_100mM3,off,100mM,3.0,False,bottom,bottom_half,2026-05-13_15-36-06,/data/Project_Data/QPM/20260513_Hela_p15/off_100mM3/2026-05-13_15-36-06_off_100mM3_bottom.tif,11520256,/data/Project_Data/QPM/20260513_Hela_p15/off_100mM3/2026-05-13_15-36-06_off_100mM3_bottom_acquisition_metadata.yaml,2026-05-13_15-36-06_off_100mM3_bottom,1778711766.265442,10x,10.0,0.3,180.0,6.5,Continuous Acquisition,hdr,1,1,10.0,0.0,MONO16,0,0,2400,2400,bottom_half,5.0,2400,2400,uint16,13094.0,27962.0,20525.432786631944,804.1918341696901,16734.0,18487.0,20638.0,22046.0,23579.0,0.0,0.0
off_5mM1,off,5mM,1.0,False,bffull,bf_full,2026-05-13_14-58-02,/data/Project_Data/QPM/20260513_Hela_p15/off_5mM1/2026-05-13_14-58-02_off_5mM1_bffull.tif,11520256,/data/Project_Data/QPM/20260513_Hela_p15/off_5mM1/2026-05-13_14-58-02_off_5mM1_bffull_acquisition_metadata.yaml,2026-05-13_14-58-02_off_5mM1_bffull,1778709482.3829553,10x,10.0,0.3,180.0,6.5,Continuous Acquisition,hdr,1,1,10.0,0.0,MONO16,0,0,2400,2400,bf_full,5.0,2400,2400,uint16,14147.0,54230.0,47487.379478993054,1396.7323410492868,42913.0,43916.0,47710.0,50108.0,50946.0,0.0,0.0
off_5mM1,off,5mM,1.0,False,top,top_half,2026-05-13_14-58-20,/data/Project_Data/QPM/20260513_Hela_p15/off_5mM1/2026-05-13_14-58-20_off_5mM1_top.tif,11520256,/data/Project_Data/QPM/20260513_Hela_p15/off_5mM1/2026-05-13_14-58-20_off_5mM1_top_acquisition_metadata.yaml,2026-05-13_14-58-20_off_5mM1_top,1778709500.9667141,10x,10.0,0.3,180.0,6.5,Continuous Acquisition,hdr,1,1,10.0,0.0,MONO16,0,0,2400,2400,top_half,5.0,2400,2400,uint16,6598.0,37398.0,22243.39224652778,956.848201676209,18409.0,19894.0,22320.0,24210.0,26354.0,0.0,0.0
off_5mM1,off,5mM,1.0,False,left,left_half,2026-05-13_14-58-32,/data/Project_Data/QPM/20260513_Hela_p15/off_5mM1/2026-05-13_14-58-32_off_5mM1_left.tif,11520256,/data/Project_Data/QPM/20260513_Hela_p15/off_5mM1/2026-05-13_14-58-32_off_5mM1_left_acquisition_metadata.yaml,2026-05-13_14-58-32_off_5mM1_left,1778709512.5395944,10x,10.0,0.3,180.0,6.5,Continuous Acquisition,hdr,1,1,10.0,0.0,MONO16,0,0,2400,2400,left_half,5.0,2400,2400,uint16,5115.0,38346.0,22452.412175,895.8254350002379,18299.0,20327.0,22501.0,24396.0,26492.0,0.0,0.0
off_5mM1,off,5mM,1.0,False,right,right_half,2026-05-13_14-58-43,/data/Project_Data/QPM/20260513_Hela_p15/off_5mM1/2026-05-13_14-58-43_off_5mM1_right.tif,11520256,/data/Project_Data/QPM/20260513_Hela_p15/off_5mM1/2026-05-13_14-58-43_off_5mM1_right_acquisition_metadata.yaml,2026-05-13_14-58-43_off_5mM1_right,1778709523.6438608,10x,10.0,0.3,180.0,6.5,Continuous Acquisition,hdr,1,1,10.0,0.0,MONO16,0,0,2400,2400,right_half,5.0,2400,2400,uint16,7804.0,34348.0,21197.738970486113,949.4810988684214,17839.0,18917.0,21305.0,23093.0,25111.0,0.0,0.0
off_5mM1,off,5mM,1.0,False,bottom,bottom_half,2026-05-13_14-59-00,/data/Project_Data/QPM/20260513_Hela_p15/off_5mM1/2026-05-13_14-59-00_off_5mM1_bottom.tif,11520256,/data/Project_Data/QPM/20260513_Hela_p15/off_5mM1/2026-05-13_14-59-00_off_5mM1_bottom_acquisition_metadata.yaml,2026-05-13_14-59-00_off_5mM1_bottom,1778709540.679376,10x,10.0,0.3,180.0,6.5,Continuous Acquisition,hdr,1,1,10.0,0.0,MONO16,0,0,2400,2400,bottom_half,5.0,2400,2400,uint16,6071.0,36096.0,21158.87012638889,901.8610962662375,17564.999,19033.0,21210.0,23105.0,25162.001000001095,0.0,0.0
off_5mM2,off,5mM,2.0,False,bffull,bf_full,2026-05-13_15-03-17,/data/Project_Data/QPM/20260513_Hela_p15/off_5mM2/2026-05-13_15-03-17_off_5mM2_bffull.tif,11520256,/data/Project_Data/QPM/20260513_Hela_p15/off_5mM2/2026-05-13_15-03-17_off_5mM2_bffull_acquisition_metadata.yaml,2026-05-13_15-03-17_off_5mM2_bffull,1778709797.8733954,10x,10.0,0.3,180.0,6.5,Continuous Acquisition,hdr,1,1,10.0,0.0,MONO16,0,0,2400,2400,bf_full,5.0,2400,2400,uint16,25561.0,54765.0,47457.21923541667,1281.0848225529073,43201.0,44042.0,47748.0,49590.0,50238.0,0.0,0.0
off_5mM2,off,5mM,2.0,False,top,top_half,2026-05-13_15-03-41,/data/Project_Data/QPM/20260513_Hela_p15/off_5mM2/2026-05-13_15-03-41_off_5mM2_top.tif,11520256,/data/Project_Data/QPM/20260513_Hela_p15/off_5mM2/2026-05-13_15-03-41_off_5mM2_top_acquisition_metadata.yaml,2026-05-13_15-03-41_off_5mM2_top,1778709821.0566742,10x,10.0,0.3,180.0,6.5,Continuous Acquisition,hdr,1,1,10.0,0.0,MONO16,0,0,2400,2400,top_half,5.0,2400,2400,uint16,9231.0,35746.0,22153.418650347223,860.7206698938867,18860.0,19934.0,22266.0,23788.0,25915.0,0.0,0.0
off_5mM2,off,5mM,2.0,False,left,left_half,2026-05-13_15-03-51,/data/Project_Data/QPM/20260513_Hela_p15/off_5mM2/2026-05-13_15-03-51_off_5mM2_left.tif,11520256,/data/Project_Data/QPM/20260513_Hela_p15/off_5mM2/2026-05-13_15-03-51_off_5mM2_left_acquisition_metadata.yaml,2026-05-13_15-03-51_off_5mM2_left,1778709831.7483556,10x,10.0,0.3,180.0,6.5,Continuous Acquisition,hdr,1,1,10.0,0.0,MONO16,0,0,2400,2400,left_half,5.0,2400,2400,uint16,8680.0,38712.0,22356.971806944446,774.659431281391,18804.999,20399.0,22444.0,23878.0,25942.0,0.0,0.0
off_5mM2,off,5mM,2.0,False,right,right_half,2026-05-13_15-04-00,/data/Project_Data/QPM/20260513_Hela_p15/off_5mM2/2026-05-13_15-04-00_off_5mM2_right.tif,11520256,/data/Project_Data/QPM/20260513_Hela_p15/off_5mM2/2026-05-13_15-04-00_off_5mM2_right_acquisition_metadata.yaml,2026-05-13_15-04-00_off_5mM2_right,1778709840.7201698,10x,10.0,0.3,180.0,6.5,Continuous Acquisition,hdr,1,1,10.0,0.0,MONO16,0,0,2400,2400,right_half,5.0,2400,2400,uint16,9544.0,34454.0,21238.497420833333,864.0640254288006,18141.0,19047.0,21395.0,22777.0,24892.0,0.0,0.0
off_5mM2,off,5mM,2.0,False,bottom,bottom_half,2026-05-13_15-04-10,/data/Project_Data/QPM/20260513_Hela_p15/off_5mM2/2026-05-13_15-04-10_off_5mM2_bottom.tif,11520256,/data/Project_Data/QPM/20260513_Hela_p15/off_5mM2/2026-05-13_15-04-10_off_5mM2_bottom_acquisition_metadata.yaml,2026-05-13_15-04-10_off_5mM2_bottom,1778709850.9607298,10x,10.0,0.3,180.0,6.5,Continuous Acquisition,hdr,1,1,10.0,0.0,MONO16,0,0,2400,2400,bottom_half,5.0,2400,2400,uint16,9264.0,36823.0,21194.153736458335,797.0676465084929,18064.0,19153.0,21285.0,22755.0,24673.001000001095,0.0,0.0
off_5mM3,off,5mM,3.0,False,bffull,bf_full,2026-05-13_15-07-26,/data/Project_Data/QPM/20260513_Hela_p15/off_5mM3/2026-05-13_15-07-26_off_5mM3_bffull.tif,11520256,/data/Project_Data/QPM/20260513_Hela_p15/off_5mM3/2026-05-13_15-07-26_off_5mM3_bffull_acquisition_metadata.yaml,2026-05-13_15-07-26_off_5mM3_bffull,1778710046.1159954,10x,10.0,0.3,180.0,6.5,Continuous Acquisition,hdr,1,1,10.0,0.0,MONO16,0,0,2400,2400,bf_full,5.0,2400,2400,uint16,29149.0,54923.0,46187.6196703125,1115.1628894604191,42219.0,43197.0,46360.0,48275.0,49733.001000001095,0.0,0.0
off_5mM3,off,5mM,3.0,False,top,top_half,2026-05-13_15-07-38,/data/Project_Data/QPM/20260513_Hela_p15/off_5mM3/2026-05-13_15-07-38_off_5mM3_top.tif,11520256,/data/Project_Data/QPM/20260513_Hela_p15/off_5mM3/2026-05-13_15-07-38_off_5mM3_top_acquisition_metadata.yaml,2026-05-13_15-07-38_off_5mM3_top,1778710058.331629,10x,10.0,0.3,180.0,6.5,Continuous Acquisition,hdr,1,1,10.0,0.0,MONO16,0,0,2400,2400,top_half,5.0,2400,2400,uint16,8212.0,38107.0,21397.241900868055,858.5384808855258,16441.0,19409.0,21454.0,23099.0,27454.0,0.0,0.0
off_5mM3,off,5mM,3.0,False,left,left_half,2026-05-13_15-07-50,/data/Project_Data/QPM/20260513_Hela_p15/off_5mM3/2026-05-13_15-07-50_off_5mM3_left.tif,11520256,/data/Project_Data/QPM/20260513_Hela_p15/off_5mM3/2026-05-13_15-07-50_off_5mM3_left_acquisition_metadata.yaml,2026-05-13_15-07-50_off_5mM3_left,1778710070.1972687,10x,10.0,0.3,180.0,6.5,Continuous Acquisition,hdr,1,1,10.0,0.0,MONO16,0,0,2400,2400,left_half,5.0,2400,2400,uint16,7702.0,42759.0,24007.367474479168,822.4859009148139,17859.999,22174.0,24038.0,25644.0,30628.0,0.0,0.0
off_5mM3,off,5mM,3.0,False,right,right_half,2026-05-13_15-08-02,/data/Project_Data/QPM/20260513_Hela_p15/off_5mM3/2026-05-13_15-08-02_off_5mM3_right.tif,11520256,/data/Project_Data/QPM/20260513_Hela_p15/off_5mM3/2026-05-13_15-08-02_off_5mM3_right_acquisition_metadata.yaml,2026-05-13_15-08-02_off_5mM3_right,1778710082.2541819,10x,10.0,0.3,180.0,6.5,Continuous Acquisition,hdr,1,1,10.0,0.0,MONO16,0,0,2400,2400,right_half,5.0,2400,2400,uint16,4887.0,34671.0,18294.570725,852.8744377893105,14026.0,16267.0,18414.0,19865.0,23761.0,0.0,0.0
off_5mM3,off,5mM,3.0,False,bottom,bottom_half,2026-05-13_15-08-17,/data/Project_Data/QPM/20260513_Hela_p15/off_5mM3/2026-05-13_15-08-17_off_5mM3_bottom.tif,11520256,/data/Project_Data/QPM/20260513_Hela_p15/off_5mM3/2026-05-13_15-08-17_off_5mM3_bottom_acquisition_metadata.yaml,2026-05-13_15-08-17_off_5mM3_bottom,1778710097.0199275,10x,10.0,0.3,180.0,6.5,Continuous Acquisition,hdr,1,1,10.0,0.0,MONO16,0,0,2400,2400,bottom_half,5.0,2400,2400,uint16,7276.0,38850.0,20564.847952777778,819.94513649037,15367.0,18623.0,20636.0,22137.0,26343.001000001095,0.0,0.0
off_NO10_1,off,NO10,1.0,False,bffull,bf_full,2026-05-13_15-39-29,/data/Project_Data/QPM/20260513_Hela_p15/off_NO10_1/2026-05-13_15-39-29_off_NO10_1_bffull.tif,11520256,/data/Project_Data/QPM/20260513_Hela_p15/off_NO10_1/2026-05-13_15-39-29_off_NO10_1_bffull_acquisition_metadata.yaml,2026-05-13_15-39-29_on_NO10_bffull,1778711969.6032557,10x,10.0,0.3,180.0,6.5,Continuous Acquisition,hdr,1,1,10.0,0.0,MONO16,0,0,2400,2400,bf_full,5.0,2400,2400,uint16,32789.0,53910.0,46133.0902296875,1228.4150123007819,42120.0,42932.0,46364.0,48321.0,49313.0,0.0,0.0
off_NO10_1,off,NO10,1.0,False,top,top_half,2026-05-13_15-39-39,/data/Project_Data/QPM/20260513_Hela_p15/off_NO10_1/2026-05-13_15-39-39_off_NO10_1_top.tif,11520256,/data/Project_Data/QPM/20260513_Hela_p15/off_NO10_1/2026-05-13_15-39-39_off_NO10_1_top_acquisition_metadata.yaml,2026-05-13_15-39-39_on_NO10_top,1778711979.303118,10x,10.0,0.3,180.0,6.5,Continuous Acquisition,hdr,1,1,10.0,0.0,MONO16,0,0,2400,2400,top_half,5.0,2400,2400,uint16,9596.0,35194.0,21525.638438368056,837.976610230352,18156.0,19473.0,21605.0,23178.0,25932.001000001095,0.0,0.0
off_NO10_1,off,NO10,1.0,False,left,left_half,2026-05-13_15-39-47,/data/Project_Data/QPM/20260513_Hela_p15/off_NO10_1/2026-05-13_15-39-47_off_NO10_1_left.tif,11520256,/data/Project_Data/QPM/20260513_Hela_p15/off_NO10_1/2026-05-13_15-39-47_off_NO10_1_left_acquisition_metadata.yaml,2026-05-13_15-39-47_on_NO10_left,1778711987.275952,10x,10.0,0.3,180.0,6.5,Continuous Acquisition,hdr,1,1,10.0,0.0,MONO16,0,0,2400,2400,left_half,5.0,2400,2400,uint16,10827.0,40571.0,23599.783860069445,743.687564033522,19734.999,21806.0,23650.0,25096.0,27926.0,0.0,0.0
off_NO10_1,off,NO10,1.0,False,right,right_half,2026-05-13_15-39-56,/data/Project_Data/QPM/20260513_Hela_p15/off_NO10_1/2026-05-13_15-39-56_off_NO10_1_right.tif,11520256,/data/Project_Data/QPM/20260513_Hela_p15/off_NO10_1/2026-05-13_15-39-56_off_NO10_1_right_acquisition_metadata.yaml,2026-05-13_15-39-56_on_NO10_right,1778711996.7478225,10x,10.0,0.3,180.0,6.5,Continuous Acquisition,hdr,1,1,10.0,0.0,MONO16,0,0,2400,2400,right_half,5.0,2400,2400,uint16,8375.0,31282.0,18648.884274305554,850.0989635589624,15683.0,16609.0,18765.0,20242.0,22765.0,0.0,0.0
off_NO10_1,off,NO10,1.0,False,bottom,bottom_half,2026-05-13_15-40-09,/data/Project_Data/QPM/20260513_Hela_p15/off_NO10_1/2026-05-13_15-40-09_off_NO10_1_bottom.tif,11520256,/data/Project_Data/QPM/20260513_Hela_p15/off_NO10_1/2026-05-13_15-40-09_off_NO10_1_bottom_acquisition_metadata.yaml,2026-05-13_15-40-09_on_NO10_bottom,1778712009.620893,10x,10.0,0.3,180.0,6.5,Continuous Acquisition,hdr,1,1,10.0,0.0,MONO16,0,0,2400,2400,bottom_half,5.0,2400,2400,uint16,8399.0,35065.0,20457.5529265625,797.2821510381731,16962.0,18481.0,20558.0,21970.0,24638.0,0.0,0.0
off_NO10_2,off,NO10,2.0,False,bffull,bf_full,2026-05-13_15-46-52,/data/Project_Data/QPM/20260513_Hela_p15/off_NO10_2/2026-05-13_15-46-52_off_NO10_2_bffull.tif,11520256,/data/Project_Data/QPM/20260513_Hela_p15/off_NO10_2/2026-05-13_15-46-52_off_NO10_2_bffull_acquisition_metadata.yaml,2026-05-13_15-46-52_off_NO10_2_bffull,1778712412.442982,10x,10.0,0.3,180.0,6.5,Continuous Acquisition,hdr,1,1,10.0,0.0,MONO16,0,0,2400,2400,bf_full,5.0,2400,2400,uint16,38778.0,52097.0,45852.94694375,1218.3910059338873,41773.0,42690.0,46075.0,48026.0,48771.0,0.0,0.0
off_NO10_2,off,NO10,2.0,False,top,top_half,2026-05-13_15-47-06,/data/Project_Data/QPM/20260513_Hela_p15/off_NO10_2/2026-05-13_15-47-06_off_NO10_2_top.tif,11520256,/data/Project_Data/QPM/20260513_Hela_p15/off_NO10_2/2026-05-13_15-47-06_off_NO10_2_top_acquisition_metadata.yaml,2026-05-13_15-47-06_off_NO10_2_top,1778712426.137526,10x,10.0,0.3,180.0,6.5,Continuous Acquisition,hdr,1,1,10.0,0.0,MONO16,0,0,2400,2400,top_half,5.0,2400,2400,uint16,15020.0,28971.0,21424.376655555556,800.2817580075715,18561.0,19405.0,21509.0,23002.0,24774.0,0.0,0.0
off_NO10_2,off,NO10,2.0,False,left,left_half,2026-05-13_15-47-19,/data/Project_Data/QPM/20260513_Hela_p15/off_NO10_2/2026-05-13_15-47-19_off_NO10_2_left.tif,11520256,/data/Project_Data/QPM/20260513_Hela_p15/off_NO10_2/2026-05-13_15-47-19_off_NO10_2_left_acquisition_metadata.yaml,2026-05-13_15-47-19_off_NO10_2_left,1778712439.7376354,10x,10.0,0.3,180.0,6.5,Continuous Acquisition,hdr,1,1,10.0,0.0,MONO16,0,0,2400,2400,left_half,5.0,2400,2400,uint16,15508.0,31419.0,23549.064921180554,726.4386345289475,19762.0,21610.0,23607.0,25023.0,26974.0,0.0,0.0
off_NO10_2,off,NO10,2.0,False,right,right_half,2026-05-13_15-47-30,/data/Project_Data/QPM/20260513_Hela_p15/off_NO10_2/2026-05-13_15-47-30_off_NO10_2_right.tif,11520256,/data/Project_Data/QPM/20260513_Hela_p15/off_NO10_2/2026-05-13_15-47-30_off_NO10_2_right_acquisition_metadata.yaml,2026-05-13_15-47-30_off_NO10_2_right,1778712450.142139,10x,10.0,0.3,180.0,6.5,Continuous Acquisition,hdr,1,1,10.0,0.0,MONO16,0,0,2400,2400,right_half,5.0,2400,2400,uint16,13463.0,26168.0,18438.457651215278,820.1558843094069,15737.0,16412.0,18566.0,19978.0,21521.0,0.0,0.0
off_NO10_2,off,NO10,2.0,False,bottom,bottom_half,2026-05-13_15-47-38,/data/Project_Data/QPM/20260513_Hela_p15/off_NO10_2/2026-05-13_15-47-38_off_NO10_2_bottom.tif,11520256,/data/Project_Data/QPM/20260513_Hela_p15/off_NO10_2/2026-05-13_15-47-38_off_NO10_2_bottom_acquisition_metadata.yaml,2026-05-13_15-47-38_off_NO10_2_bottom,1778712459.0007875,10x,10.0,0.3,180.0,6.5,Continuous Acquisition,hdr,1,1,10.0,0.0,MONO16,0,0,2400,2400,bottom_half,5.0,2400,2400,uint16,14191.0,28563.0,20304.586005034722,757.9374988350206,17473.0,18351.0,20397.0,21811.0,23456.0,0.0,0.0
off_empty,off,empty,,True,bffull,bf_full,2026-05-14_13-17-02,/data/Project_Data/QPM/20260513_Hela_p15/off_empty/2026-05-14_13-17-02_off_empty_bffull.tif,11520256,/data/Project_Data/QPM/20260513_Hela_p15/off_empty/2026-05-14_13-17-02_off_empty_bffull_acquisition_metadata.yaml,2026-05-14_13-17-02_off_empty_bffull,1778789822.1557577,10x,10.0,0.3,180.0,6.5,Continuous Acquisition,hdr,1,1,10.0,0.0,MONO16,0,0,2400,2400,bf_full,5.0,2400,2400,uint16,44199.0,56499.0,50204.09262222222,1208.420960021974,46060.998999999996,46938.0,50440.0,52315.0,52950.0,0.0,0.0
off_empty,off,empty,,True,top,top_half,2026-05-14_13-17-19,/data/Project_Data/QPM/20260513_Hela_p15/off_empty/2026-05-14_13-17-19_off_empty_top.tif,11520256,/data/Project_Data/QPM/20260513_Hela_p15/off_empty/2026-05-14_13-17-19_off_empty_top_acquisition_metadata.yaml,2026-05-14_13-17-19_off_empty_top,1778789839.4981806,10x,10.0,0.3,180.0,6.5,Continuous Acquisition,hdr,1,1,10.0,0.0,MONO16,0,0,2400,2400,top_half,5.0,2400,2400,uint16,19461.0,29350.0,23555.869455208333,750.8747664613618,20820.0,21586.0,23639.0,25005.0,25597.0,0.0,0.0
off_empty,off,empty,,True,left,left_half,2026-05-14_13-17-28,/data/Project_Data/QPM/20260513_Hela_p15/off_empty/2026-05-14_13-17-28_off_empty_left.tif,11520256,/data/Project_Data/QPM/20260513_Hela_p15/off_empty/2026-05-14_13-17-28_off_empty_left_acquisition_metadata.yaml,2026-05-14_13-17-28_off_empty_left,1778789848.3726354,10x,10.0,0.3,180.0,6.5,Continuous Acquisition,hdr,1,1,10.0,0.0,MONO16,0,0,2400,2400,left_half,5.0,2400,2400,uint16,21933.0,30970.0,25442.823722743055,634.9621293470775,23267.0,23821.0,25484.0,26759.0,27345.0,0.0,0.0
off_empty,off,empty,,True,right,right_half,2026-05-14_13-17-38,/data/Project_Data/QPM/20260513_Hela_p15/off_empty/2026-05-14_13-17-38_off_empty_right.tif,11520256,/data/Project_Data/QPM/20260513_Hela_p15/off_empty/2026-05-14_13-17-38_off_empty_right_acquisition_metadata.yaml,2026-05-14_13-17-38_off_empty_right,1778789858.770785,10x,10.0,0.3,180.0,6.5,Continuous Acquisition,hdr,1,1,10.0,0.0,MONO16,0,0,2400,2400,right_half,5.0,2400,2400,uint16,17010.0,26431.0,20719.598436631946,794.9595148615499,18136.0,18656.0,20870.0,22106.0,22606.001000001095,0.0,0.0
off_empty,off,empty,,True,bottom,bottom_half,2026-05-14_13-17-48,/data/Project_Data/QPM/20260513_Hela_p15/off_empty/2026-05-14_13-17-48_off_empty_bottom.tif,11520256,/data/Project_Data/QPM/20260513_Hela_p15/off_empty/2026-05-14_13-17-48_off_empty_bottom_acquisition_metadata.yaml,2026-05-14_13-17-48_off_empty_bottom,1778789868.845013,10x,10.0,0.3,180.0,6.5,Continuous Acquisition,hdr,1,1,10.0,0.0,MONO16,0,0,2400,2400,bottom_half,5.0,2400,2400,uint16,18453.0,27764.0,22304.68725503472,751.3221257534366,19880.0,20360.0,22404.0,23732.0,24272.0,0.0,0.0
off_serum1,off,serum,1.0,False,bffull,bf_full,2026-05-13_15-12-02,/data/Project_Data/QPM/20260513_Hela_p15/off_serum1/2026-05-13_15-12-02_off_serum1_bffull.tif,11520256,/data/Project_Data/QPM/20260513_Hela_p15/off_serum1/2026-05-13_15-12-02_off_serum1_bffull_acquisition_metadata.yaml,2026-05-13_15-12-02_off_serum1_bffull,1778710322.9707406,10x,10.0,0.3,180.0,6.5,Continuous Acquisition,hdr,1,1,10.0,0.0,MONO16,0,0,2400,2400,bf_full,5.0,2400,2400,uint16,23953.0,53680.0,46389.22306788195,1260.984286033959,42228.0,43085.0,46644.0,48555.0,49241.0,0.0,0.0
off_serum1,off,serum,1.0,False,top,top_half,2026-05-13_15-12-15,/data/Project_Data/QPM/20260513_Hela_p15/off_serum1/2026-05-13_15-12-15_off_serum1_top.tif,11520256,/data/Project_Data/QPM/20260513_Hela_p15/off_serum1/2026-05-13_15-12-15_off_serum1_top_acquisition_metadata.yaml,2026-05-13_15-12-15_off_serum1_top,1778710335.790071,10x,10.0,0.3,180.0,6.5,Continuous Acquisition,hdr,1,1,10.0,0.0,MONO16,0,0,2400,2400,top_half,5.0,2400,2400,uint16,8776.0,34678.0,21687.025894965278,811.2692379563503,18718.999,19651.0,21776.0,23257.0,25437.0,0.0,0.0
off_serum1,off,serum,1.0,False,left,left_half,2026-05-13_15-12-24,/data/Project_Data/QPM/20260513_Hela_p15/off_serum1/2026-05-13_15-12-24_off_serum1_left.tif,11520256,/data/Project_Data/QPM/20260513_Hela_p15/off_serum1/2026-05-13_15-12-24_off_serum1_left_acquisition_metadata.yaml,2026-05-13_15-12-24_off_serum1_left,1778710344.2897375,10x,10.0,0.3,180.0,6.5,Continuous Acquisition,hdr,1,1,10.0,0.0,MONO16,0,0,2400,2400,left_half,5.0,2400,2400,uint16,7228.0,39199.0,23539.644097569446,737.3109800758457,20562.0,21701.0,23604.0,24981.0,27227.001000001095,0.0,0.0
off_serum1,off,serum,1.0,False,right,right_half,2026-05-13_15-12-37,/data/Project_Data/QPM/20260513_Hela_p15/off_serum1/2026-05-13_15-12-37_off_serum1_right.tif,11520256,/data/Project_Data/QPM/20260513_Hela_p15/off_serum1/2026-05-13_15-12-37_off_serum1_right_acquisition_metadata.yaml,2026-05-13_15-12-37_off_serum1_right,1778710357.2757685,10x,10.0,0.3,180.0,6.5,Continuous Acquisition,hdr,1,1,10.0,0.0,MONO16,0,0,2400,2400,right_half,5.0,2400,2400,uint16,6069.0,33452.0,18930.10032795139,840.7973082062686,16156.0,16883.0,19066.0,20449.0,22525.0,0.0,0.0
off_serum1,off,serum,1.0,False,bottom,bottom_half,2026-05-13_15-12-49,/data/Project_Data/QPM/20260513_Hela_p15/off_serum1/2026-05-13_15-12-49_off_serum1_bottom.tif,11520256,/data/Project_Data/QPM/20260513_Hela_p15/off_serum1/2026-05-13_15-12-49_off_serum1_bottom_acquisition_metadata.yaml,2026-05-13_15-12-49_off_serum1_bottom,1778710369.3753586,10x,10.0,0.3,180.0,6.5,Continuous Acquisition,hdr,1,1,10.0,0.0,MONO16,0,0,2400,2400,bottom_half,5.0,2400,2400,uint16,5828.0,35584.0,20515.47779236111,789.2583599834051,17785.0,18546.0,20620.0,22008.0,23958.0,0.0,0.0
off_serum2,off,serum,2.0,False,bffull,bf_full,2026-05-13_15-16-32,/data/Project_Data/QPM/20260513_Hela_p15/off_serum2/2026-05-13_15-16-32_off_serum2_bffull.tif,11520256,/data/Project_Data/QPM/20260513_Hela_p15/off_serum2/2026-05-13_15-16-32_off_serum2_bffull_acquisition_metadata.yaml,2026-05-13_15-16-32_off_serum2_bffull,1778710592.6248572,10x,10.0,0.3,180.0,6.5,Continuous Acquisition,hdr,1,1,10.0,0.0,MONO16,0,0,2400,2400,bf_full,5.0,2400,2400,uint16,4515.0,53495.0,46434.447658680554,1174.8816662512752,42393.0,43368.0,46631.0,48548.0,49471.0,0.0,0.0
off_serum2,off,serum,2.0,False,top,top_half,2026-05-13_15-16-44,/data/Project_Data/QPM/20260513_Hela_p15/off_serum2/2026-05-13_15-16-44_off_serum2_top.tif,11520256,/data/Project_Data/QPM/20260513_Hela_p15/off_serum2/2026-05-13_15-16-44_off_serum2_top_acquisition_metadata.yaml,2026-05-13_15-16-44_off_serum2_top,1778710604.1762528,10x,10.0,0.3,180.0,6.5,Continuous Acquisition,hdr,1,1,10.0,0.0,MONO16,0,0,2400,2400,top_half,5.0,2400,2400,uint16,2311.0,36830.0,21592.17500763889,813.9920658105547,18181.0,19589.0,21653.0,23206.0,25827.0,0.0,0.0
off_serum2,off,serum,2.0,False,left,left_half,2026-05-13_15-16-54,/data/Project_Data/QPM/20260513_Hela_p15/off_serum2/2026-05-13_15-16-54_off_serum2_left.tif,11520256,/data/Project_Data/QPM/20260513_Hela_p15/off_serum2/2026-05-13_15-16-54_off_serum2_left_acquisition_metadata.yaml,2026-05-13_15-16-54_off_serum2_left,1778710614.0524178,10x,10.0,0.3,180.0,6.5,Continuous Acquisition,hdr,1,1,10.0,0.0,MONO16,0,0,2400,2400,left_half,5.0,2400,2400,uint16,2342.0,40142.0,23863.638081770834,741.462892780367,19934.0,22047.0,23912.0,25336.0,28057.001000001095,0.0,0.0
off_serum2,off,serum,2.0,False,right,right_half,2026-05-13_15-17-06,/data/Project_Data/QPM/20260513_Hela_p15/off_serum2/2026-05-13_15-17-06_off_serum2_right.tif,11520256,/data/Project_Data/QPM/20260513_Hela_p15/off_serum2/2026-05-13_15-17-06_off_serum2_right_acquisition_metadata.yaml,2026-05-13_15-17-06_off_serum2_right,1778710626.707159,10x,10.0,0.3,180.0,6.5,Continuous Acquisition,hdr,1,1,10.0,0.0,MONO16,0,0,2400,2400,right_half,5.0,2400,2400,uint16,2009.0,31922.0,18596.765098958334,803.6994928555655,15615.0,16621.0,18714.0,20076.0,22492.0,0.0,0.0
off_serum2,off,serum,2.0,False,bottom,bottom_half,2026-05-13_15-17-16,/data/Project_Data/QPM/20260513_Hela_p15/off_serum2/2026-05-13_15-17-16_off_serum2_bottom.tif,11520256,/data/Project_Data/QPM/20260513_Hela_p15/off_serum2/2026-05-13_15-17-16_off_serum2_bottom_acquisition_metadata.yaml,2026-05-13_15-17-16_off_serum2_bottom,1778710636.788415,10x,10.0,0.3,180.0,6.5,Continuous Acquisition,hdr,1,1,10.0,0.0,MONO16,0,0,2400,2400,bottom_half,5.0,2400,2400,uint16,1925.0,34314.0,20539.488919444444,774.5500797448649,16999.0,18586.0,20627.0,22020.0,24505.0,0.0,0.0
off_serum3,off,serum,3.0,False,bffull,bf_full,2026-05-13_15-22-05,/data/Project_Data/QPM/20260513_Hela_p15/off_serum3/2026-05-13_15-22-05_off_serum3_bffull.tif,11520256,/data/Project_Data/QPM/20260513_Hela_p15/off_serum3/2026-05-13_15-22-05_off_serum3_bffull_acquisition_metadata.yaml,2026-05-13_15-22-05_off_serum3_bffull,1778710925.9881518,10x,10.0,0.3,180.0,6.5,Continuous Acquisition,hdr,1,1,10.0,0.0,MONO16,0,0,2400,2400,bf_full,5.0,2400,2400,uint16,20628.0,54424.0,46537.750103645834,1629.1083192789854,41418.0,42565.0,46612.0,50268.00999999978,51610.0,0.0,0.0
off_serum3,off,serum,3.0,False,top,top_half,2026-05-13_15-22-16,/data/Project_Data/QPM/20260513_Hela_p15/off_serum3/2026-05-13_15-22-16_off_serum3_top.tif,11520256,/data/Project_Data/QPM/20260513_Hela_p15/off_serum3/2026-05-13_15-22-16_off_serum3_top_acquisition_metadata.yaml,2026-05-13_15-22-16_off_serum3_top,1778710936.6673775,10x,10.0,0.3,180.0,6.5,Continuous Acquisition,hdr,1,1,10.0,0.0,MONO16,0,0,2400,2400,top_half,5.0,2400,2400,uint16,6680.0,35247.0,21743.085928993056,1122.9513070623534,17959.0,19140.0,21726.0,24488.0,26071.0,0.0,0.0
off_serum3,off,serum,3.0,False,left,left_half,2026-05-13_15-22-33,/data/Project_Data/QPM/20260513_Hela_p15/off_serum3/2026-05-13_15-22-33_off_serum3_left.tif,11520256,/data/Project_Data/QPM/20260513_Hela_p15/off_serum3/2026-05-13_15-22-33_off_serum3_left_acquisition_metadata.yaml,2026-05-13_15-22-33_off_serum3_left,1778710953.2688873,10x,10.0,0.3,180.0,6.5,Continuous Acquisition,hdr,1,1,10.0,0.0,MONO16,0,0,2400,2400,left_half,5.0,2400,2400,uint16,8680.0,37960.0,23634.34933559028,1144.1238369738794,19532.999,20938.0,23606.0,26515.0,28148.0,0.0,0.0
off_serum3,off,serum,3.0,False,right,right_half,2026-05-13_15-22-42,/data/Project_Data/QPM/20260513_Hela_p15/off_serum3/2026-05-13_15-22-42_off_serum3_right.tif,11520256,/data/Project_Data/QPM/20260513_Hela_p15/off_serum3/2026-05-13_15-22-42_off_serum3_right_acquisition_metadata.yaml,2026-05-13_15-22-42_off_serum3_right,1778710962.4861698,10x,10.0,0.3,180.0,6.5,Continuous Acquisition,hdr,1,1,10.0,0.0,MONO16,0,0,2400,2400,right_half,5.0,2400,2400,uint16,7442.0,29704.0,19108.185566666667,1041.4055265793486,15655.0,16606.0,19175.0,21471.0,23001.001000001095,0.0,0.0
off_serum3,off,serum,3.0,False,bottom,bottom_half,2026-05-13_15-22-53,/data/Project_Data/QPM/20260513_Hela_p15/off_serum3/2026-05-13_15-22-53_off_serum3_bottom.tif,11520256,/data/Project_Data/QPM/20260513_Hela_p15/off_serum3/2026-05-13_15-22-53_off_serum3_bottom_acquisition_metadata.yaml,2026-05-13_15-22-53_off_serum3_bottom,1778710973.9023886,10x,10.0,0.3,180.0,6.5,Continuous Acquisition,hdr,1,1,10.0,0.0,MONO16,0,0,2400,2400,bottom_half,5.0,2400,2400,uint16,5252.0,33399.0,20757.37628611111,1063.5317625882692,17003.0,18140.0,20818.0,23218.0,24801.0,0.0,0.0
on_100mM1,on,100mM,1.0,False,bffull,bf_full,2026-05-13_15-24-47,/data/Project_Data/QPM/20260513_Hela_p15/on_100mM1/2026-05-13_15-24-47_on_100mM1_bffull.tif,11520256,/data/Project_Data/QPM/20260513_Hela_p15/on_100mM1/2026-05-13_15-24-47_on_100mM1_bffull_acquisition_metadata.yaml,2026-05-13_15-24-47_on_100mM1_bffull,1778711087.357067,10x,10.0,0.3,180.0,6.5,Continuous Acquisition,hdr,1,1,10.0,0.0,MONO16,0,0,2400,2400,bf_full,5.0,2400,2400,uint16,17675.0,48008.0,42189.33379027778,1212.1079301161142,36906.0,38982.0,42405.0,44296.0,45063.0,0.0,0.0
on_100mM1,on,100mM,1.0,False,top,top_half,2026-05-13_15-24-57,/data/Project_Data/QPM/20260513_Hela_p15/on_100mM1/2026-05-13_15-24-57_on_100mM1_top.tif,11520256,/data/Project_Data/QPM/20260513_Hela_p15/on_100mM1/2026-05-13_15-24-57_on_100mM1_top_acquisition_metadata.yaml,2026-05-13_15-24-57_on_100mM1_top,1778711097.1396148,10x,10.0,0.3,180.0,6.5,Continuous Acquisition,hdr,1,1,10.0,0.0,MONO16,0,0,2400,2400,top_half,5.0,2400,2400,uint16,5714.0,32966.0,19559.482242881946,790.4452382474185,15355.999,17649.0,19622.0,21111.0,23584.0,0.0,0.0
on_100mM1,on,100mM,1.0,False,left,left_half,2026-05-13_15-25-06,/data/Project_Data/QPM/20260513_Hela_p15/on_100mM1/2026-05-13_15-25-06_on_100mM1_left.tif,11520256,/data/Project_Data/QPM/20260513_Hela_p15/on_100mM1/2026-05-13_15-25-06_on_100mM1_left_acquisition_metadata.yaml,2026-05-13_15-25-06_on_100mM1_left,1778711106.2337475,10x,10.0,0.3,180.0,6.5,Continuous Acquisition,hdr,1,1,10.0,0.0,MONO16,0,0,2400,2400,left_half,5.0,2400,2400,uint16,5216.0,37124.0,21640.732050520834,767.6427019725987,16338.0,19805.0,21697.0,23126.0,25639.0,0.0,0.0
on_100mM1,on,100mM,1.0,False,right,right_half,2026-05-13_15-25-18,/data/Project_Data/QPM/20260513_Hela_p15/on_100mM1/2026-05-13_15-25-18_on_100mM1_right.tif,11520256,/data/Project_Data/QPM/20260513_Hela_p15/on_100mM1/2026-05-13_15-25-18_on_100mM1_right_acquisition_metadata.yaml,2026-05-13_15-25-18_on_100mM1_right,1778711118.3182724,10x,10.0,0.3,180.0,6.5,Continuous Acquisition,hdr,1,1,10.0,0.0,MONO16,0,0,2400,2400,right_half,5.0,2400,2400,uint16,3862.0,33241.0,16951.004992708335,783.8845460605174,13477.0,15082.0,17066.0,18340.0,20962.0,0.0,0.0
on_100mM1,on,100mM,1.0,False,bottom,bottom_half,2026-05-13_15-25-30,/data/Project_Data/QPM/20260513_Hela_p15/on_100mM1/2026-05-13_15-25-30_on_100mM1_bottom.tif,11520256,/data/Project_Data/QPM/20260513_Hela_p15/on_100mM1/2026-05-13_15-25-30_on_100mM1_bottom_acquisition_metadata.yaml,2026-05-13_15-25-30_on_100mM1_bottom,1778711130.8918245,10x,10.0,0.3,180.0,6.5,Continuous Acquisition,hdr,1,1,10.0,0.0,MONO16,0,0,2400,2400,bottom_half,5.0,2400,2400,uint16,4681.0,32149.0,18739.924593055555,748.6715470981108,14246.999,16885.0,18841.0,20086.0,22507.0,0.0,0.0
on_100mM2,on,100mM,2.0,False,bffull,bf_full,2026-05-13_15-29-13,/data/Project_Data/QPM/20260513_Hela_p15/on_100mM2/2026-05-13_15-29-13_on_100mM2_bffull.tif,11520256,/data/Project_Data/QPM/20260513_Hela_p15/on_100mM2/2026-05-13_15-29-13_on_100mM2_bffull_acquisition_metadata.yaml,2026-05-13_15-29-13_on_100mM2_bffull,1778711353.6940994,10x,10.0,0.3,180.0,6.5,Continuous Acquisition,hdr,1,1,10.0,0.0,MONO16,0,0,2400,2400,bf_full,5.0,2400,2400,uint16,32715.0,51151.0,43236.56519097222,1240.867929405271,38970.0,40116.0,43355.0,45761.0,46683.0,0.0,0.0
on_100mM2,on,100mM,2.0,False,top,top_half,2026-05-13_15-29-31,/data/Project_Data/QPM/20260513_Hela_p15/on_100mM2/2026-05-13_15-29-31_on_100mM2_top.tif,11520256,/data/Project_Data/QPM/20260513_Hela_p15/on_100mM2/2026-05-13_15-29-31_on_100mM2_top_acquisition_metadata.yaml,2026-05-13_15-29-31_on_100mM2_top,1778711371.3881078,10x,10.0,0.3,180.0,6.5,Continuous Acquisition,hdr,1,1,10.0,0.0,MONO16,0,0,2400,2400,top_half,5.0,2400,2400,uint16,6977.0,34566.0,20284.784173090276,823.8872546266746,17134.999,18320.0,20335.0,22034.0,24350.0,0.0,0.0
on_100mM2,on,100mM,2.0,False,left,left_half,2026-05-13_15-29-43,/data/Project_Data/QPM/20260513_Hela_p15/on_100mM2/2026-05-13_15-29-43_on_100mM2_left.tif,11520256,/data/Project_Data/QPM/20260513_Hela_p15/on_100mM2/2026-05-13_15-29-43_on_100mM2_left_acquisition_metadata.yaml,2026-05-13_15-29-43_on_100mM2_left,1778711383.2037077,10x,10.0,0.3,180.0,6.5,Continuous Acquisition,hdr,1,1,10.0,0.0,MONO16,0,0,2400,2400,left_half,5.0,2400,2400,uint16,10110.0,37586.0,22034.7201890625,838.9635361144269,18621.999,20078.0,22049.0,23913.0,26244.0,0.0,0.0
on_100mM2,on,100mM,2.0,False,right,right_half,2026-05-13_15-29-56,/data/Project_Data/QPM/20260513_Hela_p15/on_100mM2/2026-05-13_15-29-56_on_100mM2_right.tif,11520256,/data/Project_Data/QPM/20260513_Hela_p15/on_100mM2/2026-05-13_15-29-56_on_100mM2_right_acquisition_metadata.yaml,2026-05-13_15-29-56_on_100mM2_right,1778711396.9206495,10x,10.0,0.3,180.0,6.5,Continuous Acquisition,hdr,1,1,10.0,0.0,MONO16,0,0,2400,2400,right_half,5.0,2400,2400,uint16,8232.0,29293.0,17446.7170015625,795.8458234582107,14710.0,15466.0,17528.0,19019.0,21260.0,0.0,0.0
on_100mM2,on,100mM,2.0,False,bottom,bottom_half,2026-05-13_15-30-09,/data/Project_Data/QPM/20260513_Hela_p15/on_100mM2/2026-05-13_15-30-09_on_100mM2_bottom.tif,11520256,/data/Project_Data/QPM/20260513_Hela_p15/on_100mM2/2026-05-13_15-30-09_on_100mM2_bottom_acquisition_metadata.yaml,2026-05-13_15-30-09_on_100mM2_bottom,1778711410.009958,10x,10.0,0.3,180.0,6.5,Continuous Acquisition,hdr,1,1,10.0,0.0,MONO16,0,0,2400,2400,bottom_half,5.0,2400,2400,uint16,6973.0,36345.0,18894.364561631945,773.4779551185446,15847.0,17044.0,18942.0,20517.0,22858.0,0.0,0.0
on_100mM3,on,100mM,3.0,False,bffull,bf_full,2026-05-13_15-33-27,/data/Project_Data/QPM/20260513_Hela_p15/on_100mM3/2026-05-13_15-33-27_on_100mM3_bffull.tif,11520256,/data/Project_Data/QPM/20260513_Hela_p15/on_100mM3/2026-05-13_15-33-27_on_100mM3_bffull_acquisition_metadata.yaml,2026-05-13_15-33-27_on_100mM3_bffull,1778711607.8629837,10x,10.0,0.3,180.0,6.5,Continuous Acquisition,hdr,1,1,10.0,0.0,MONO16,0,0,2400,2400,bf_full,5.0,2400,2400,uint16,19019.0,48449.0,42211.08335381944,1240.619130119218,38237.998999999996,38988.0,42444.0,44385.0,45049.001000001095,0.0,0.0
on_100mM3,on,100mM,3.0,False,top,top_half,2026-05-13_15-33-45,/data/Project_Data/QPM/20260513_Hela_p15/on_100mM3/2026-05-13_15-33-45_on_100mM3_top.tif,11520256,/data/Project_Data/QPM/20260513_Hela_p15/on_100mM3/2026-05-13_15-33-45_on_100mM3_top_acquisition_metadata.yaml,2026-05-13_15-33-45_on_100mM3_top,1778711625.9694858,10x,10.0,0.3,180.0,6.5,Continuous Acquisition,hdr,1,1,10.0,0.0,MONO16,0,0,2400,2400,top_half,5.0,2400,2400,uint16,8329.0,30751.0,19532.89007829861,793.8236843662429,16784.0,17556.0,19624.0,21077.0,23201.0,0.0,0.0
on_100mM3,on,100mM,3.0,False,left,left_half,2026-05-13_15-33-56,/data/Project_Data/QPM/20260513_Hela_p15/on_100mM3/2026-05-13_15-33-56_on_100mM3_left.tif,11520256,/data/Project_Data/QPM/20260513_Hela_p15/on_100mM3/2026-05-13_15-33-56_on_100mM3_left_acquisition_metadata.yaml,2026-05-13_15-33-56_on_100mM3_left,1778711636.0944824,10x,10.0,0.3,180.0,6.5,Continuous Acquisition,hdr,1,1,10.0,0.0,MONO16,0,0,2400,2400,left_half,5.0,2400,2400,uint16,8555.0,32769.0,21549.573148784722,787.4943001658485,17493.999,19532.0,21633.0,23063.0,25054.0,0.0,0.0
on_100mM3,on,100mM,3.0,False,right,right_half,2026-05-13_15-34-05,/data/Project_Data/QPM/20260513_Hela_p15/on_100mM3/2026-05-13_15-34-05_on_100mM3_right.tif,11520256,/data/Project_Data/QPM/20260513_Hela_p15/on_100mM3/2026-05-13_15-34-05_on_100mM3_right_acquisition_metadata.yaml,2026-05-13_15-34-05_on_100mM3_right,1778711645.0349689,10x,10.0,0.3,180.0,6.5,Continuous Acquisition,hdr,1,1,10.0,0.0,MONO16,0,0,2400,2400,right_half,5.0,2400,2400,uint16,7257.0,26155.0,16959.899208506944,792.7192451865701,14381.0,15021.0,17064.0,18441.0,20300.0,0.0,0.0
on_100mM3,on,100mM,3.0,False,bottom,bottom_half,2026-05-13_15-34-13,/data/Project_Data/QPM/20260513_Hela_p15/on_100mM3/2026-05-13_15-34-13_on_100mM3_bottom.tif,11520256,/data/Project_Data/QPM/20260513_Hela_p15/on_100mM3/2026-05-13_15-34-13_on_100mM3_bottom_acquisition_metadata.yaml,2026-05-13_15-34-13_on_100mM3_bottom,1778711653.858273,10x,10.0,0.3,180.0,6.5,Continuous Acquisition,hdr,1,1,10.0,0.0,MONO16,0,0,2400,2400,bottom_half,5.0,2400,2400,uint16,6656.0,28969.0,18698.89327378472,733.0941241428309,15874.0,16846.0,18781.0,20134.0,21896.0,0.0,0.0
on_5mM1,on,5mM,1.0,False,bffull,bf_full,2026-05-13_14-55-28,/data/Project_Data/QPM/20260513_Hela_p15/on_5mM1/2026-05-13_14-55-28_on_5mM1_bffull.tif,11520256,/data/Project_Data/QPM/20260513_Hela_p15/on_5mM1/2026-05-13_14-55-28_on_5mM1_bffull_acquisition_metadata.yaml,2026-05-13_14-55-28_on_5mM1_bffull,1778709328.586867,10x,10.0,0.3,180.0,6.5,Continuous Acquisition,hdr,1,1,10.0,0.0,MONO16,0,0,2400,2400,bf_full,5.0,2400,2400,uint16,13564.0,49485.0,43205.44441354166,1277.2326460176316,39065.0,39896.0,43378.0,45664.0,46473.0,0.0,0.0
on_5mM1,on,5mM,1.0,False,top,top_half,2026-05-13_14-55-49,/data/Project_Data/QPM/20260513_Hela_p15/on_5mM1/2026-05-13_14-55-49_on_5mM1_top.tif,11520256,/data/Project_Data/QPM/20260513_Hela_p15/on_5mM1/2026-05-13_14-55-49_on_5mM1_top_acquisition_metadata.yaml,2026-05-13_14-55-49_on_5mM1_top,1778709349.147038,10x,10.0,0.3,180.0,6.5,Continuous Acquisition,hdr,1,1,10.0,0.0,MONO16,0,0,2400,2400,top_half,5.0,2400,2400,uint16,6433.0,34277.0,20112.720593229165,884.5836862768658,16826.0,17938.0,20168.0,21959.0,24168.0,0.0,0.0
on_5mM1,on,5mM,1.0,False,left,left_half,2026-05-13_14-56-04,/data/Project_Data/QPM/20260513_Hela_p15/on_5mM1/2026-05-13_14-56-04_on_5mM1_left.tif,11520256,/data/Project_Data/QPM/20260513_Hela_p15/on_5mM1/2026-05-13_14-56-04_on_5mM1_left_acquisition_metadata.yaml,2026-05-13_14-56-04_on_5mM1_left,1778709364.73464,10x,10.0,0.3,180.0,6.5,Continuous Acquisition,hdr,1,1,10.0,0.0,MONO16,0,0,2400,2400,left_half,5.0,2400,2400,uint16,4881.0,35039.0,20340.480048090278,828.4650417146406,16752.0,18372.0,20379.0,22151.0,24134.0,0.0,0.0
on_5mM1,on,5mM,1.0,False,right,right_half,2026-05-13_14-56-20,/data/Project_Data/QPM/20260513_Hela_p15/on_5mM1/2026-05-13_14-56-20_on_5mM1_right.tif,11520256,/data/Project_Data/QPM/20260513_Hela_p15/on_5mM1/2026-05-13_14-56-20_on_5mM1_right_acquisition_metadata.yaml,2026-05-13_14-56-20_on_5mM1_right,1778709380.8355544,10x,10.0,0.3,180.0,6.5,Continuous Acquisition,hdr,1,1,10.0,0.0,MONO16,0,0,2400,2400,right_half,5.0,2400,2400,uint16,7010.0,31397.0,19179.716118576387,877.082349866264,16200.0,17059.0,19266.0,20942.0,22885.0,0.0,0.0
on_5mM1,on,5mM,1.0,False,bottom,bottom_half,2026-05-13_14-56-51,/data/Project_Data/QPM/20260513_Hela_p15/on_5mM1/2026-05-13_14-56-51_on_5mM1_bottom.tif,11520256,/data/Project_Data/QPM/20260513_Hela_p15/on_5mM1/2026-05-13_14-56-51_on_5mM1_bottom_acquisition_metadata.yaml,2026-05-13_14-56-51_on_5mM1_bottom,1778709411.6732907,10x,10.0,0.3,180.0,6.5,Continuous Acquisition,hdr,1,1,10.0,0.0,MONO16,0,0,2400,2400,bottom_half,5.0,2400,2400,uint16,5067.0,32214.0,19069.71832465278,822.0838598410032,15982.999,17095.0,19120.0,20832.0,22767.0,0.0,0.0
on_5mM2,on,5mM,2.0,False,bffull,bf_full,2026-05-13_15-00-57,/data/Project_Data/QPM/20260513_Hela_p15/on_5mM2/2026-05-13_15-00-57_on_5mM2_bffull.tif,11520256,/data/Project_Data/QPM/20260513_Hela_p15/on_5mM2/2026-05-13_15-00-57_on_5mM2_bffull_acquisition_metadata.yaml,2026-05-13_15-00-57_on_5mM2_bffull,1778709657.3730724,10x,10.0,0.3,180.0,6.5,Continuous Acquisition,hdr,1,1,10.0,0.0,MONO16,0,0,2400,2400,bf_full,5.0,2400,2400,uint16,11074.0,50231.0,43553.81000052083,1173.7853614672556,39484.0,40524.99,43716.0,45761.0,46463.0,0.0,0.0
on_5mM2,on,5mM,2.0,False,top,top_half,2026-05-13_15-01-17,/data/Project_Data/QPM/20260513_Hela_p15/on_5mM2/2026-05-13_15-01-17_on_5mM2_top.tif,11520256,/data/Project_Data/QPM/20260513_Hela_p15/on_5mM2/2026-05-13_15-01-17_on_5mM2_top_acquisition_metadata.yaml,2026-05-13_15-01-17_on_5mM2_top,1778709677.1615918,10x,10.0,0.3,180.0,6.5,Continuous Acquisition,hdr,1,1,10.0,0.0,MONO16,0,0,2400,2400,top_half,5.0,2400,2400,uint16,4386.0,34167.0,20393.327004166666,855.245559234596,16851.0,18299.0,20436.0,22168.0,24242.001000001095,0.0,0.0
on_5mM2,on,5mM,2.0,False,left,left_half,2026-05-13_15-01-27,/data/Project_Data/QPM/20260513_Hela_p15/on_5mM2/2026-05-13_15-01-27_on_5mM2_left.tif,11520256,/data/Project_Data/QPM/20260513_Hela_p15/on_5mM2/2026-05-13_15-01-27_on_5mM2_left_acquisition_metadata.yaml,2026-05-13_15-01-27_on_5mM2_left,1778709687.5818248,10x,10.0,0.3,180.0,6.5,Continuous Acquisition,hdr,1,1,10.0,0.0,MONO16,0,0,2400,2400,left_half,5.0,2400,2400,uint16,4149.0,33915.0,20396.07800954861,718.8488956176086,16563.0,18606.0,20424.0,21965.0,24106.0,0.0,0.0
on_5mM2,on,5mM,2.0,False,right,right_half,2026-05-13_15-01-39,/data/Project_Data/QPM/20260513_Hela_p15/on_5mM2/2026-05-13_15-01-39_on_5mM2_right.tif,11520256,/data/Project_Data/QPM/20260513_Hela_p15/on_5mM2/2026-05-13_15-01-39_on_5mM2_right_acquisition_metadata.yaml,2026-05-13_15-01-39_on_5mM2_right,1778709699.6863577,10x,10.0,0.3,180.0,6.5,Continuous Acquisition,hdr,1,1,10.0,0.0,MONO16,0,0,2400,2400,right_half,5.0,2400,2400,uint16,4122.0,31352.0,19387.196664930554,781.6762166560732,16207.0,17486.0,19479.0,20905.0,22785.0,0.0,0.0
on_5mM2,on,5mM,2.0,False,bottom,bottom_half,2026-05-13_15-02-12,/data/Project_Data/QPM/20260513_Hela_p15/on_5mM2/2026-05-13_15-02-12_on_5mM2_bottom.tif,11520256,/data/Project_Data/QPM/20260513_Hela_p15/on_5mM2/2026-05-13_15-02-12_on_5mM2_bottom_acquisition_metadata.yaml,2026-05-13_15-02-12_on_5mM2_bottom,1778709732.21085,10x,10.0,0.3,180.0,6.5,Continuous Acquisition,hdr,1,1,10.0,0.0,MONO16,0,0,2400,2400,bottom_half,5.0,2400,2400,uint16,5155.0,31405.0,19105.152885590276,779.2788790382161,15661.999,17192.0,19163.0,20716.0,22468.0,0.0,0.0
on_5mM3,on,5mM,3.0,False,bffull,bf_full,2026-05-13_15-05-34,/data/Project_Data/QPM/20260513_Hela_p15/on_5mM3/2026-05-13_15-05-34_on_5mM3_bffull.tif,11520256,/data/Project_Data/QPM/20260513_Hela_p15/on_5mM3/2026-05-13_15-05-34_on_5mM3_bffull_acquisition_metadata.yaml,2026-05-13_15-05-34_on_5mM3_bffull,1778709934.1661625,10x,10.0,0.3,180.0,6.5,Continuous Acquisition,hdr,1,1,10.0,0.0,MONO16,0,0,2400,2400,bf_full,5.0,2400,2400,uint16,21573.0,50964.0,43051.81527586806,1089.6623821266655,39011.0,39998.0,43219.0,45048.0,46054.0,0.0,0.0
on_5mM3,on,5mM,3.0,False,top,top_half,2026-05-13_15-05-50,/data/Project_Data/QPM/20260513_Hela_p15/on_5mM3/2026-05-13_15-05-50_on_5mM3_top.tif,11520256,/data/Project_Data/QPM/20260513_Hela_p15/on_5mM3/2026-05-13_15-05-50_on_5mM3_top_acquisition_metadata.yaml,2026-05-13_15-05-50_on_5mM3_top,1778709950.5813153,10x,10.0,0.3,180.0,6.5,Continuous Acquisition,hdr,1,1,10.0,0.0,MONO16,0,0,2400,2400,top_half,5.0,2400,2400,uint16,6109.0,38593.0,19931.016868229166,774.3549023122935,15343.999,17982.0,19998.0,21386.0,25044.0,0.0,0.0
on_5mM3,on,5mM,3.0,False,left,left_half,2026-05-13_15-06-00,/data/Project_Data/QPM/20260513_Hela_p15/on_5mM3/2026-05-13_15-06-00_on_5mM3_left.tif,11520256,/data/Project_Data/QPM/20260513_Hela_p15/on_5mM3/2026-05-13_15-06-00_on_5mM3_left_acquisition_metadata.yaml,2026-05-13_15-06-00_on_5mM3_left,1778709960.2597845,10x,10.0,0.3,180.0,6.5,Continuous Acquisition,hdr,1,1,10.0,0.0,MONO16,0,0,2400,2400,left_half,5.0,2400,2400,uint16,8031.0,38710.0,22601.194020833333,772.8815672881793,17009.999,20724.0,22639.0,24113.0,28125.0,0.0,0.0
on_5mM3,on,5mM,3.0,False,right,right_half,2026-05-13_15-06-09,/data/Project_Data/QPM/20260513_Hela_p15/on_5mM3/2026-05-13_15-06-09_on_5mM3_right.tif,11520256,/data/Project_Data/QPM/20260513_Hela_p15/on_5mM3/2026-05-13_15-06-09_on_5mM3_right_acquisition_metadata.yaml,2026-05-13_15-06-09_on_5mM3_right,1778709969.7386808,10x,10.0,0.3,180.0,6.5,Continuous Acquisition,hdr,1,1,10.0,0.0,MONO16,0,0,2400,2400,right_half,5.0,2400,2400,uint16,5338.0,31129.0,16837.90811111111,755.765292290363,12844.0,14983.0,16921.0,18247.0,21428.0,0.0,0.0
on_5mM3,on,5mM,3.0,False,bottom,bottom_half,2026-05-13_15-06-20,/data/Project_Data/QPM/20260513_Hela_p15/on_5mM3/2026-05-13_15-06-20_on_5mM3_bottom.tif,11520256,/data/Project_Data/QPM/20260513_Hela_p15/on_5mM3/2026-05-13_15-06-20_on_5mM3_bottom_acquisition_metadata.yaml,2026-05-13_15-06-20_on_5mM3_bottom,1778709980.6967235,10x,10.0,0.3,180.0,6.5,Continuous Acquisition,hdr,1,1,10.0,0.0,MONO16,0,0,2400,2400,bottom_half,5.0,2400,2400,uint16,6587.0,36465.0,19028.605415104168,750.3823688183841,14372.0,17154.0,19093.0,20452.0,23933.001000001095,0.0,0.0
on_NO10_1,on,NO10,1.0,False,bffull,bf_full,2026-05-13_15-37-45,/data/Project_Data/QPM/20260513_Hela_p15/on_NO10_1/2026-05-13_15-37-45_on_NO10_bffull.tif,11520256,/data/Project_Data/QPM/20260513_Hela_p15/on_NO10_1/2026-05-13_15-37-45_on_NO10_bffull_acquisition_metadata.yaml,2026-05-13_15-37-45_on_NO10_bffull,1778711865.6206355,10x,10.0,0.3,180.0,6.5,Continuous Acquisition,hdr,1,1,10.0,0.0,MONO16,0,0,2400,2400,bf_full,5.0,2400,2400,uint16,5047.0,49641.0,42451.69191423611,1286.9616259628215,38547.0,39391.0,42552.0,45139.0,46033.0,0.0,0.0
on_NO10_1,on,NO10,1.0,False,top,top_half,2026-05-13_15-37-55,/data/Project_Data/QPM/20260513_Hela_p15/on_NO10_1/2026-05-13_15-37-55_on_NO10_top.tif,11520256,/data/Project_Data/QPM/20260513_Hela_p15/on_NO10_1/2026-05-13_15-37-55_on_NO10_top_acquisition_metadata.yaml,2026-05-13_15-37-55_on_NO10_top,1778711875.8114078,10x,10.0,0.3,180.0,6.5,Continuous Acquisition,hdr,1,1,10.0,0.0,MONO16,0,0,2400,2400,top_half,5.0,2400,2400,uint16,2227.0,33949.0,19694.855980555556,829.7755438514832,15733.999,17840.0,19734.0,21405.0,24258.0,0.0,0.0
on_NO10_1,on,NO10,1.0,False,left,left_half,2026-05-13_15-38-07,/data/Project_Data/QPM/20260513_Hela_p15/on_NO10_1/2026-05-13_15-38-07_on_NO10_left.tif,11520256,/data/Project_Data/QPM/20260513_Hela_p15/on_NO10_1/2026-05-13_15-38-07_on_NO10_left_acquisition_metadata.yaml,2026-05-13_15-38-07_on_NO10_left,1778711887.1356316,10x,10.0,0.3,180.0,6.5,Continuous Acquisition,hdr,1,1,10.0,0.0,MONO16,0,0,2400,2400,left_half,5.0,2400,2400,uint16,2579.0,38831.0,21780.774462152778,822.901908402497,16739.0,19926.0,21818.0,23474.0,26236.0,0.0,0.0
on_NO10_1,on,NO10,1.0,False,right,right_half,2026-05-13_15-38-16,/data/Project_Data/QPM/20260513_Hela_p15/on_NO10_1/2026-05-13_15-38-16_on_NO10_right.tif,11520256,/data/Project_Data/QPM/20260513_Hela_p15/on_NO10_1/2026-05-13_15-38-16_on_NO10_right_acquisition_metadata.yaml,2026-05-13_15-38-16_on_NO10_right,1778711896.8257513,10x,10.0,0.3,180.0,6.5,Continuous Acquisition,hdr,1,1,10.0,0.0,MONO16,0,0,2400,2400,right_half,5.0,2400,2400,uint16,1930.0,30361.0,16971.332260243056,786.1717474264566,13530.0,15132.0,17071.0,18448.0,21254.0,0.0,0.0
on_NO10_1,on,NO10,1.0,False,bottom,bottom_half,2026-05-13_15-38-26,/data/Project_Data/QPM/20260513_Hela_p15/on_NO10_1/2026-05-13_15-38-26_on_NO10_bottom.tif,11520256,/data/Project_Data/QPM/20260513_Hela_p15/on_NO10_1/2026-05-13_15-38-26_on_NO10_bottom_acquisition_metadata.yaml,2026-05-13_15-38-26_on_NO10_bottom,1778711906.2799916,10x,10.0,0.3,180.0,6.5,Continuous Acquisition,hdr,1,1,10.0,0.0,MONO16,0,0,2400,2400,bottom_half,5.0,2400,2400,uint16,2414.0,34264.0,18775.89015138889,773.9258060789033,14491.0,16893.0,18854.0,20260.0,22874.0,0.0,0.0
on_NO10_2,on,NO10,2.0,False,bffull,bf_full,2026-05-13_15-44-30,/data/Project_Data/QPM/20260513_Hela_p15/on_NO10_2/2026-05-13_15-44-30_on_NO10_2_bffull.tif,11520256,/data/Project_Data/QPM/20260513_Hela_p15/on_NO10_2/2026-05-13_15-44-30_on_NO10_2_bffull_acquisition_metadata.yaml,2026-05-13_15-44-30_on_NO10_2_bffull,1778712270.2873964,10x,10.0,0.3,180.0,6.5,Continuous Acquisition,hdr,1,1,10.0,0.0,MONO16,0,0,2400,2400,bf_full,5.0,2400,2400,uint16,36151.0,63882.0,42642.5286328125,1850.8523905836244,38336.0,39058.0,42583.0,49150.0,53618.001000001095,0.0,0.0
on_NO10_2,on,NO10,2.0,False,top,top_half,2026-05-13_15-45-18,/data/Project_Data/QPM/20260513_Hela_p15/on_NO10_2/2026-05-13_15-45-18_on_NO10_2_top.tif,11520256,/data/Project_Data/QPM/20260513_Hela_p15/on_NO10_2/2026-05-13_15-45-18_on_NO10_2_top_acquisition_metadata.yaml,2026-05-13_15-45-18_on_NO10_2_top,1778712318.1318088,10x,10.0,0.3,180.0,6.5,Continuous Acquisition,hdr,1,1,10.0,0.0,MONO16,0,0,2400,2400,top_half,5.0,2400,2400,uint16,12602.0,36875.0,19487.298930902776,932.253769681546,16618.0,17314.0,19555.0,22068.0,25479.0,0.0,0.0
on_NO10_2,on,NO10,2.0,False,left,left_half,2026-05-13_15-45-26,/data/Project_Data/QPM/20260513_Hela_p15/on_NO10_2/2026-05-13_15-45-26_on_NO10_2_left.tif,11520256,/data/Project_Data/QPM/20260513_Hela_p15/on_NO10_2/2026-05-13_15-45-26_on_NO10_2_left_acquisition_metadata.yaml,2026-05-13_15-45-26_on_NO10_2_left,1778712326.992766,10x,10.0,0.3,180.0,6.5,Continuous Acquisition,hdr,1,1,10.0,0.0,MONO16,0,0,2400,2400,left_half,5.0,2400,2400,uint16,15834.0,36079.0,21584.30713402778,1306.9096103768711,18414.0,19233.0,21401.0,25904.0,27538.0,0.0,0.0
on_NO10_2,on,NO10,2.0,False,right,right_half,2026-05-13_15-45-37,/data/Project_Data/QPM/20260513_Hela_p15/on_NO10_2/2026-05-13_15-45-37_on_NO10_2_right.tif,11520256,/data/Project_Data/QPM/20260513_Hela_p15/on_NO10_2/2026-05-13_15-45-37_on_NO10_2_right_acquisition_metadata.yaml,2026-05-13_15-45-37_on_NO10_2_right,1778712337.7739186,10x,10.0,0.3,180.0,6.5,Continuous Acquisition,hdr,1,1,10.0,0.0,MONO16,0,0,2400,2400,right_half,5.0,2400,2400,uint16,13129.0,22363.0,16917.839492534724,745.602931386898,14614.0,15069.0,17019.0,18392.0,19722.0,0.0,0.0
on_NO10_2,on,NO10,2.0,False,bottom,bottom_half,2026-05-13_15-45-49,/data/Project_Data/QPM/20260513_Hela_p15/on_NO10_2/2026-05-13_15-45-49_on_NO10_2_bottom.tif,11520256,/data/Project_Data/QPM/20260513_Hela_p15/on_NO10_2/2026-05-13_15-45-49_on_NO10_2_bottom_acquisition_metadata.yaml,2026-05-13_15-45-49_on_NO10_2_bottom,1778712349.4921288,10x,10.0,0.3,180.0,6.5,Continuous Acquisition,hdr,1,1,10.0,0.0,MONO16,0,0,2400,2400,bottom_half,5.0,2400,2400,uint16,12547.0,25684.0,18720.365451041667,883.0759223028855,15891.0,16641.0,18714.0,21156.0,22088.0,0.0,0.0
on_empty,on,empty,,True,bffull,bf_full,2026-05-14_13-14-44,/data/Project_Data/QPM/20260513_Hela_p15/on_empty/2026-05-14_13-14-44_on_empty_bffull.tif,11520256,/data/Project_Data/QPM/20260513_Hela_p15/on_empty/2026-05-14_13-14-44_on_empty_bffull_acquisition_metadata.yaml,2026-05-14_13-14-44_on_empty_bffull,1778789684.1139724,10x,10.0,0.3,180.0,6.5,Continuous Acquisition,hdr,1,1,10.0,0.0,MONO16,0,0,2400,2400,bf_full,5.0,2400,2400,uint16,44036.0,56642.0,50300.81558576389,1298.2398141386107,45975.0,46828.0,50581.0,52482.0,53110.0,0.0,0.0
on_empty,on,empty,,True,top,top_half,2026-05-14_13-15-05,/data/Project_Data/QPM/20260513_Hela_p15/on_empty/2026-05-14_13-15-05_on_empty_top.tif,11520256,/data/Project_Data/QPM/20260513_Hela_p15/on_empty/2026-05-14_13-15-05_on_empty_top_acquisition_metadata.yaml,2026-05-14_13-15-05_on_empty_top,1778789705.0852613,10x,10.0,0.3,180.0,6.5,Continuous Acquisition,hdr,1,1,10.0,0.0,MONO16,0,0,2400,2400,top_half,5.0,2400,2400,uint16,19386.0,29308.0,23553.83144565972,789.4008577857901,20636.0,21458.0,23659.0,25023.0,25588.0,0.0,0.0
on_empty,on,empty,,True,left,left_half,2026-05-14_13-15-22,/data/Project_Data/QPM/20260513_Hela_p15/on_empty/2026-05-14_13-15-22_on_empty_left.tif,11520256,/data/Project_Data/QPM/20260513_Hela_p15/on_empty/2026-05-14_13-15-22_on_empty_left_acquisition_metadata.yaml,2026-05-14_13-15-22_on_empty_left,1778789722.6623368,10x,10.0,0.3,180.0,6.5,Continuous Acquisition,hdr,1,1,10.0,0.0,MONO16,0,0,2400,2400,left_half,5.0,2400,2400,uint16,21525.0,30827.0,25259.35313090278,692.0725262990433,22932.0,23454.0,25326.0,26624.0,27184.0,0.0,0.0
on_empty,on,empty,,True,right,right_half,2026-05-14_13-15-34,/data/Project_Data/QPM/20260513_Hela_p15/on_empty/2026-05-14_13-15-34_on_empty_right.tif,11520256,/data/Project_Data/QPM/20260513_Hela_p15/on_empty/2026-05-14_13-15-34_on_empty_right_acquisition_metadata.yaml,2026-05-14_13-15-34_on_empty_right,1778789734.1310525,10x,10.0,0.3,180.0,6.5,Continuous Acquisition,hdr,1,1,10.0,0.0,MONO16,0,0,2400,2400,right_half,5.0,2400,2400,uint16,17251.0,26534.0,20991.82235503472,801.9436464814864,18386.0,18913.0,21147.0,22380.0,22872.0,0.0,0.0
on_empty,on,empty,,True,bottom,bottom_half,2026-05-14_13-15-44,/data/Project_Data/QPM/20260513_Hela_p15/on_empty/2026-05-14_13-15-44_on_empty_bottom.tif,11520256,/data/Project_Data/QPM/20260513_Hela_p15/on_empty/2026-05-14_13-15-44_on_empty_bottom_acquisition_metadata.yaml,2026-05-14_13-15-44_on_empty_bottom,1778789744.8755872,10x,10.0,0.3,180.0,6.5,Continuous Acquisition,hdr,1,1,10.0,0.0,MONO16,0,0,2400,2400,bottom_half,5.0,2400,2400,uint16,18557.0,27765.0,22415.815576041667,765.7939037874884,19916.0,20415.0,22532.0,23845.0,24382.0,0.0,0.0
on_serum1,on,serum,1.0,False,bffull,bf_full,2026-05-13_15-10-09,/data/Project_Data/QPM/20260513_Hela_p15/on_serum1/2026-05-13_15-10-09_on_serum1_bffull.tif,11520256,/data/Project_Data/QPM/20260513_Hela_p15/on_serum1/2026-05-13_15-10-09_on_serum1_bffull_acquisition_metadata.yaml,2026-05-13_15-10-09_on_serum1_bffull,1778710209.9726412,10x,10.0,0.3,180.0,6.5,Continuous Acquisition,hdr,1,1,10.0,0.0,MONO16,0,0,2400,2400,bf_full,5.0,2400,2400,uint16,24570.0,50525.0,42479.217979166664,1217.8434615450942,38515.0,39437.0,42584.0,45030.0,46169.0,0.0,0.0
on_serum1,on,serum,1.0,False,top,top_half,2026-05-13_15-10-22,/data/Project_Data/QPM/20260513_Hela_p15/on_serum1/2026-05-13_15-10-22_on_serum1_top.tif,11520256,/data/Project_Data/QPM/20260513_Hela_p15/on_serum1/2026-05-13_15-10-22_on_serum1_top_acquisition_metadata.yaml,2026-05-13_15-10-22_on_serum1_top,1778710222.793112,10x,10.0,0.3,180.0,6.5,Continuous Acquisition,hdr,1,1,10.0,0.0,MONO16,0,0,2400,2400,top_half,5.0,2400,2400,uint16,9010.0,31952.0,19551.51120746528,813.9612867443325,16487.0,17500.0,19604.0,21335.0,23188.0,0.0,0.0
on_serum1,on,serum,1.0,False,left,left_half,2026-05-13_15-10-40,/data/Project_Data/QPM/20260513_Hela_p15/on_serum1/2026-05-13_15-10-40_on_serum1_left.tif,11520256,/data/Project_Data/QPM/20260513_Hela_p15/on_serum1/2026-05-13_15-10-40_on_serum1_left_acquisition_metadata.yaml,2026-05-13_15-10-40_on_serum1_left,1778710240.6893961,10x,10.0,0.3,180.0,6.5,Continuous Acquisition,hdr,1,1,10.0,0.0,MONO16,0,0,2400,2400,left_half,5.0,2400,2400,uint16,7115.0,35367.0,21962.540073784723,802.5153857288922,18821.0,20134.0,21979.0,23737.0,25407.0,0.0,0.0
on_serum1,on,serum,1.0,False,right,right_half,2026-05-13_15-10-54,/data/Project_Data/QPM/20260513_Hela_p15/on_serum1/2026-05-13_15-10-54_on_serum1_right.tif,11520256,/data/Project_Data/QPM/20260513_Hela_p15/on_serum1/2026-05-13_15-10-54_on_serum1_right_acquisition_metadata.yaml,2026-05-13_15-10-54_on_serum1_right,1778710254.040286,10x,10.0,0.3,180.0,6.5,Continuous Acquisition,hdr,1,1,10.0,0.0,MONO16,0,0,2400,2400,right_half,5.0,2400,2400,uint16,6099.0,30243.0,16904.449961979168,747.49164920945,14357.0,15062.0,16998.0,18346.0,20279.0,0.0,0.0
on_serum1,on,serum,1.0,False,bottom,bottom_half,2026-05-13_15-11-05,/data/Project_Data/QPM/20260513_Hela_p15/on_serum1/2026-05-13_15-11-05_on_serum1_bottom.tif,11520256,/data/Project_Data/QPM/20260513_Hela_p15/on_serum1/2026-05-13_15-11-05_on_serum1_bottom_acquisition_metadata.yaml,2026-05-13_15-11-05_on_serum1_bottom,1778710265.1554606,10x,10.0,0.3,180.0,6.5,Continuous Acquisition,hdr,1,1,10.0,0.0,MONO16,0,0,2400,2400,bottom_half,5.0,2400,2400,uint16,5912.0,32265.0,19014.596202604167,749.1366747161569,16191.0,17235.0,19024.0,20678.0,22210.001000001095,0.0,0.0
on_serum2,on,serum,2.0,False,bffull,bf_full,2026-05-13_15-14-43,/data/Project_Data/QPM/20260513_Hela_p15/on_serum2/2026-05-13_15-14-43_on_serum2_bffull.tif,11520256,/data/Project_Data/QPM/20260513_Hela_p15/on_serum2/2026-05-13_15-14-43_on_serum2_bffull_acquisition_metadata.yaml,2026-05-13_15-14-43_on_serum2_bffull,1778710483.739959,10x,10.0,0.3,180.0,6.5,Continuous Acquisition,hdr,1,1,10.0,0.0,MONO16,0,0,2400,2400,bf_full,5.0,2400,2400,uint16,4525.0,49104.0,42432.909642708335,1193.3221845614294,38672.0,39488.0,42662.0,44533.0,45383.0,0.0,0.0
on_serum2,on,serum,2.0,False,top,top_half,2026-05-13_15-14-56,/data/Project_Data/QPM/20260513_Hela_p15/on_serum2/2026-05-13_15-14-56_on_serum2_top.tif,11520256,/data/Project_Data/QPM/20260513_Hela_p15/on_serum2/2026-05-13_15-14-56_on_serum2_top_acquisition_metadata.yaml,2026-05-13_15-14-56_on_serum2_top,1778710496.4619427,10x,10.0,0.3,180.0,6.5,Continuous Acquisition,hdr,1,1,10.0,0.0,MONO16,0,0,2400,2400,top_half,5.0,2400,2400,uint16,2096.0,33472.0,19587.502989930555,802.5277297630463,16213.0,17654.0,19688.0,21112.0,23733.0,0.0,0.0
on_serum2,on,serum,2.0,False,left,left_half,2026-05-13_15-15-06,/data/Project_Data/QPM/20260513_Hela_p15/on_serum2/2026-05-13_15-15-06_on_serum2_left.tif,11520256,/data/Project_Data/QPM/20260513_Hela_p15/on_serum2/2026-05-13_15-15-06_on_serum2_left_acquisition_metadata.yaml,2026-05-13_15-15-06_on_serum2_left,1778710506.5341775,10x,10.0,0.3,180.0,6.5,Continuous Acquisition,hdr,1,1,10.0,0.0,MONO16,0,0,2400,2400,left_half,5.0,2400,2400,uint16,2150.0,37232.0,21826.17065190972,850.0950097493035,17728.999,19876.0,21912.0,23447.0,25958.0,0.0,0.0
on_serum2,on,serum,2.0,False,right,right_half,2026-05-13_15-15-15,/data/Project_Data/QPM/20260513_Hela_p15/on_serum2/2026-05-13_15-15-15_on_serum2_right.tif,11520256,/data/Project_Data/QPM/20260513_Hela_p15/on_serum2/2026-05-13_15-15-15_on_serum2_right_acquisition_metadata.yaml,2026-05-13_15-15-15_on_serum2_right,1778710515.9843318,10x,10.0,0.3,180.0,6.5,Continuous Acquisition,hdr,1,1,10.0,0.0,MONO16,0,0,2400,2400,right_half,5.0,2400,2400,uint16,1795.0,29623.0,16871.68747326389,732.9191121149918,14034.0,15048.0,16943.0,18299.0,20658.001000001095,0.0,0.0
on_serum2,on,serum,2.0,False,bottom,bottom_half,2026-05-13_15-15-25,/data/Project_Data/QPM/20260513_Hela_p15/on_serum2/2026-05-13_15-15-25_on_serum2_bottom.tif,11520256,/data/Project_Data/QPM/20260513_Hela_p15/on_serum2/2026-05-13_15-15-25_on_serum2_bottom_acquisition_metadata.yaml,2026-05-13_15-15-25_on_serum2_bottom,1778710525.7282245,10x,10.0,0.3,180.0,6.5,Continuous Acquisition,hdr,1,1,10.0,0.0,MONO16,0,0,2400,2400,bottom_half,5.0,2400,2400,uint16,1852.0,31707.0,18816.50990607639,758.165689127563,15125.999,16949.0,18892.0,20293.0,22684.0,0.0,0.0
on_serum3,on,serum,3.0,False,bffull,bf_full,2026-05-13_15-19-49,/data/Project_Data/QPM/20260513_Hela_p15/on_serum3/2026-05-13_15-19-49_on_serum3_bffull.tif,11520256,/data/Project_Data/QPM/20260513_Hela_p15/on_serum3/2026-05-13_15-19-49_on_serum3_bffull_acquisition_metadata.yaml,2026-05-13_15-19-49_on_serum3_bffull,1778710789.4461188,10x,10.0,0.3,180.0,6.5,Continuous Acquisition,hdr,1,1,10.0,0.0,MONO16,0,0,2400,2400,bf_full,5.0,2400,2400,uint16,16461.0,52422.0,43170.93766996528,1376.6647238104988,38755.0,39701.0,43228.0,46360.0,47537.0,0.0,0.0
on_serum3,on,serum,3.0,False,top,top_half,2026-05-13_15-20-01,/data/Project_Data/QPM/20260513_Hela_p15/on_serum3/2026-05-13_15-20-01_on_serum3_top.tif,11520256,/data/Project_Data/QPM/20260513_Hela_p15/on_serum3/2026-05-13_15-20-01_on_serum3_top_acquisition_metadata.yaml,2026-05-13_15-20-01_on_serum3_top,1778710801.811634,10x,10.0,0.3,180.0,6.5,Continuous Acquisition,hdr,1,1,10.0,0.0,MONO16,0,0,2400,2400,top_half,5.0,2400,2400,uint16,4683.0,32206.0,19907.441863020835,964.7946758356343,16573.0,17713.0,19885.0,22357.0,24102.0,0.0,0.0
on_serum3,on,serum,3.0,False,left,left_half,2026-05-13_15-20-12,/data/Project_Data/QPM/20260513_Hela_p15/on_serum3/2026-05-13_15-20-12_on_serum3_left.tif,11520256,/data/Project_Data/QPM/20260513_Hela_p15/on_serum3/2026-05-13_15-20-12_on_serum3_left_acquisition_metadata.yaml,2026-05-13_15-20-12_on_serum3_left,1778710812.4257941,10x,10.0,0.3,180.0,6.5,Continuous Acquisition,hdr,1,1,10.0,0.0,MONO16,0,0,2400,2400,left_half,5.0,2400,2400,uint16,7720.0,37949.0,22912.790200868054,987.1077259972117,19092.0,20590.0,22894.0,25422.0,27131.0,0.0,0.0
on_serum3,on,serum,3.0,False,right,right_half,2026-05-13_15-20-22,/data/Project_Data/QPM/20260513_Hela_p15/on_serum3/2026-05-13_15-20-22_on_serum3_right.tif,11520256,/data/Project_Data/QPM/20260513_Hela_p15/on_serum3/2026-05-13_15-20-22_on_serum3_right_acquisition_metadata.yaml,2026-05-13_15-20-22_on_serum3_right,1778710822.8167174,10x,10.0,0.3,180.0,6.5,Continuous Acquisition,hdr,1,1,10.0,0.0,MONO16,0,0,2400,2400,right_half,5.0,2400,2400,uint16,4936.0,26508.0,16576.3285484375,873.8217169752004,13650.0,14504.0,16627.0,18569.0,20265.0,0.0,0.0
on_serum3,on,serum,3.0,False,bottom,bottom_half,2026-05-13_15-20-34,/data/Project_Data/QPM/20260513_Hela_p15/on_serum3/2026-05-13_15-20-34_on_serum3_bottom.tif,11520256,/data/Project_Data/QPM/20260513_Hela_p15/on_serum3/2026-05-13_15-20-34_on_serum3_bottom_acquisition_metadata.yaml,2026-05-13_15-20-34_on_serum3_bottom,1778710834.3728585,10x,10.0,0.3,180.0,6.5,Continuous Acquisition,hdr,1,1,10.0,0.0,MONO16,0,0,2400,2400,bottom_half,5.0,2400,2400,uint16,4258.0,31902.0,19201.528792708334,907.3566848058989,15726.0,16974.0,19242.0,21334.0,23018.0,0.0,0.0
